Dates,HIST_CALL_IMP_VOL,HIST_PUT_IMP_VOL
1/13/20,55.14,55.14
1/14/20,55.14,55.14
1/15/20,55.14,55.14
1/16/20,55.14,55.14
1/17/20,55.14,55.14
1/20/20,55.14,55.14
1/21/20,55.14,55.14
1/22/20,55.14,55.14
1/23/20,55.14,55.14
1/24/20,55.14,55.14
1/27/20,47.63,55.14
1/28/20,61.46,55.14
1/29/20,61.46,55.14
1/30/20,61.46,55.14
1/31/20,61.46,55.14
2/3/20,61.46,55.14
2/4/20,61.46,55.14
2/5/20,61.46,55.14
2/6/20,61.46,55.14
2/7/20,61.46,55.14
2/10/20,61.46,55.14
2/11/20,61.55,49.68
2/12/20,61.55,49.68
2/13/20,62.51,49.68
2/14/20,62.51,49.68
2/17/20,62.51,49.68
2/18/20,67.98,49.68
2/19/20,67.98,49.68
2/20/20,63.54,55.59
2/21/20,63.54,55.59
2/24/20,47.4,47.4
2/25/20,47.4,47.4
2/26/20,75.27,65.86
2/27/20,75.27,65.86
2/28/20,75.27,65.86
3/2/20,75.27,65.86
3/3/20,75.27,65.86
3/4/20,75.27,65.86
3/5/20,75.27,65.86
3/6/20,75.27,65.86
3/9/20,75.27,65.86
3/10/20,75.27,65.86
3/11/20,75.27,65.86
3/12/20,75.27,65.86
3/13/20,75.27,65.86
3/16/20,75.27,65.86
3/17/20,75.27,65.86
3/18/20,75.27,65.86
3/19/20,75.27,65.86
3/20/20,75.27,65.86
3/23/20,146.47,146.47
3/24/20,146.47,146.47
3/25/20,146.47,146.47
3/26/20,146.47,146.47
3/27/20,146.47,146.47
3/30/20,146.47,146.47
3/31/20,146.47,146.47
4/1/20,146.47,146.47
4/2/20,146.47,146.47
4/3/20,93.95,93.95
4/6/20,93.95,93.95
4/7/20,93.95,93.95
4/8/20,93.95,93.95
4/9/20,93.95,93.95
4/10/20,93.95,93.95
4/13/20,93.95,93.95
4/14/20,79.07,68.08
4/15/20,79.07,68.08
4/16/20,79.07,68.08
4/17/20,79.07,68.08
4/20/20,79.07,68.08
4/21/20,79.07,71.17
4/22/20,79.07,71.17
4/23/20,79.07,71.17
4/24/20,79.07,71.17
4/27/20,79.07,71.17
4/28/20,79.07,71.17
4/29/20,79.07,71.17
4/30/20,79.07,71.17
5/1/20,79.07,71.17
5/4/20,79.07,71.17
5/5/20,79.07,71.17
5/6/20,79.07,71.17
5/7/20,79.77,83.88
5/8/20,79.77,79.55
5/11/20,79.77,79.55
5/12/20,79.77,79.55
5/13/20,79.77,79.55
5/14/20,79.77,79.55
5/15/20,79.77,79.55
5/18/20,79.77,79.55
5/19/20,73.42,76.55
5/20/20,73.42,76.55
5/21/20,73.42,76.55
5/22/20,73.42,77.47
5/25/20,73.42,77.47
5/26/20,73.42,77.47
5/27/20,73.42,77.47
5/28/20,73.42,77.47
5/29/20,73.42,77.47
6/1/20,73.42,77.47
6/2/20,73.42,77.47
6/3/20,73.42,77.47
6/4/20,73.42,77.47
6/5/20,59.77,59.77
6/8/20,59.77,59.77
6/9/20,59.77,59.77
6/10/20,59.77,59.77
6/11/20,64.53,64.53
6/12/20,64.53,64.53
6/15/20,64.53,43.33
6/16/20,64.53,43.33
6/17/20,64.53,43.33
6/18/20,64.53,43.33
6/19/20,51.59,48.67
6/22/20,37.81,48.67
6/23/20,49.89,48.67
6/24/20,49.89,48.67
6/25/20,49.89,48.67
6/26/20,49.89,48.67
6/29/20,51.12,51.12
6/30/20,51.12,51.12
7/1/20,51.12,51.12
7/2/20,51.12,44.98
7/3/20,51.12,44.98
7/6/20,51.12,44.98
7/7/20,51.12,44.98
7/8/20,52.07,51.02
7/9/20,52.07,51.02
7/10/20,52.07,51.02
7/13/20,52.07,51.02
7/14/20,52.07,51.02
7/15/20,52.07,51.02
7/16/20,52.07,51.02
7/17/20,52.07,51.02
7/20/20,52.07,51.02
7/21/20,41.9,42.7
7/22/20,41.9,42.7
7/23/20,41.9,42.7
7/24/20,41.9,42.7
7/27/20,41.9,42.7
7/28/20,41.9,42.7
7/29/20,41.9,42.7
7/30/20,41.9,42.7
7/31/20,41.9,42.7
8/3/20,41.9,42.7
8/4/20,60.95,63.53
8/5/20,60.95,63.53
8/6/20,60.95,63.53
8/7/20,60.95,63.53
8/10/20,55.06,53.65
8/11/20,55.06,53.65
8/12/20,55.06,53.65
8/13/20,55.06,53.65
8/14/20,55.06,53.65
8/17/20,55.06,53.65
8/18/20,63.54,53.65
8/19/20,63.54,53.65
8/20/20,63.54,53.65
8/21/20,63.54,53.65
8/24/20,63.54,53.65
8/25/20,32.18,53.65
8/26/20,36.81,42.7
8/27/20,33.9,46.62
8/28/20,33.9,46.62
8/31/20,33.9,46.62
9/1/20,33.9,46.62
9/2/20,33.9,46.62
9/3/20,33.9,46.62
9/4/20,33.9,46.62
9/7/20,33.9,46.62
9/8/20,33.9,46.62
9/9/20,33.9,46.62
9/10/20,33.9,46.62
9/11/20,33.9,46.62
9/14/20,33.9,46.62
9/15/20,33.9,46.62
9/16/20,33.9,46.62
9/17/20,33.9,46.62
9/18/20,33.9,46.62
9/21/20,33.9,46.62
9/22/20,35.55,36.87
9/23/20,35.55,36.87
9/24/20,35.55,36.87
9/25/20,35.55,36.87
9/28/20,48.92,36.87
9/29/20,48.92,36.87
9/30/20,48.92,36.87
10/1/20,48.92,41.56
10/2/20,48.92,41.56
10/5/20,47.92,41.56
10/6/20,47.06,44.29
10/7/20,47.06,44.29
10/8/20,47.06,44.29
10/9/20,47.06,44.29
10/12/20,41.24,42.71
10/13/20,41.24,42.71
10/14/20,41.24,42.71
10/15/20,41.24,42.71
10/16/20,41.55,42.71
10/19/20,41.55,42.71
10/20/20,41.55,42.71
10/21/20,41.55,42.71
10/22/20,41.55,42.71
10/23/20,41.55,42.71
10/26/20,41.55,42.71
10/27/20,41.55,42.71
10/28/20,41.55,42.71
10/29/20,44.34,42.57
10/30/20,44.34,42.57
11/2/20,44.34,42.57
11/3/20,44.34,42.57
11/4/20,60.54,60.54
11/5/20,60.54,60.54
11/6/20,60.54,60.54
11/9/20,60.54,60.54
11/10/20,60.54,60.54
11/11/20,60.54,60.54
11/12/20,60.54,60.54
11/13/20,60.54,60.54
11/16/20,60.54,60.54
11/17/20,60.54,60.54
11/18/20,60.54,60.54
11/19/20,60.54,60.54
11/20/20,60.54,60.54
11/23/20,60.54,60.54
11/24/20,60.54,60.54
11/25/20,60.54,60.54
11/26/20,60.54,55.37
11/27/20,60.54,55.37
11/30/20,60.54,55.37
12/1/20,60.54,55.37
12/2/20,60.54,55.37
12/3/20,60.54,55.37
12/4/20,73.54,73.54
12/7/20,73.54,73.54
12/8/20,73.54,73.54
12/9/20,73.54,73.54
12/10/20,77.01,73.54
12/11/20,77.01,73.54
12/14/20,77.01,73.54
12/15/20,77.01,73.54
12/16/20,77.01,73.54
12/17/20,77.01,73.54
12/18/20,77.01,73.54
12/21/20,77.01,29.76
12/22/20,66.29,74.22
12/23/20,66.29,71.11
12/24/20,66.29,71.11
12/25/20,66.29,71.11
12/28/20,91.03,90.72
12/29/20,91.03,90.72
12/30/20,91.03,90.72
12/31/20,105.05,105.51
1/1/21,105.05,105.51
1/4/21,105.05,105.51
1/5/21,105.05,105.51
1/6/21,105.05,105.51
1/7/21,105.05,105.51
1/8/21,105.05,105.51
1/11/21,105.05,105.51
1/12/21,153.38,153.38
1/13/21,153.38,153.38
1/14/21,153.38,153.38
1/15/21,153.38,153.38
1/18/21,153.38,153.38
1/19/21,153.38,153.38
1/20/21,153.38,153.38
1/21/21,153.38,153.38
1/22/21,153.38,153.38
1/25/21,153.38,153.38
1/26/21,153.38,153.38
1/27/21,153.38,153.38
1/28/21,153.38,153.38
1/29/21,153.38,153.38
2/1/21,103.85,103.85
2/2/21,103.85,103.85
2/3/21,103.85,103.85
2/4/21,103.85,103.85
2/5/21,103.85,103.85
2/8/21,103.85,103.85
2/9/21,103.85,103.85
2/10/21,103.85,103.85
2/11/21,103.85,103.85
2/12/21,103.85,103.85
2/15/21,103.85,103.85
2/16/21,103.85,103.85
2/17/21,103.85,103.85
2/18/21,103.85,103.85
2/19/21,103.85,103.85
2/22/21,103.85,103.85
2/23/21,103.85,103.85
2/24/21,103.85,103.85
2/25/21,103.85,103.85
2/26/21,103.85,103.85
3/1/21,103.85,103.85
3/2/21,103.85,103.85
3/3/21,98.84,98.84
3/4/21,98.84,98.84
3/5/21,98.84,98.84
3/8/21,98.84,98.84
3/9/21,98.84,98.84
3/10/21,98.84,98.84
3/11/21,98.84,98.84
3/12/21,98.84,98.84
3/15/21,95.4,95.4
3/16/21,95.4,95.4
3/17/21,95.4,95.4
3/18/21,75.63,91.31
3/19/21,75.63,91.31
3/22/21,75.63,91.31
3/23/21,75.63,91.31
3/24/21,74.52,74.52
3/25/21,69.55,69.55
3/26/21,69.55,69.55
3/29/21,71.77,71.77
3/30/21,75.97,75.97
3/31/21,75.76,75.76
4/1/21,73.57,73.57
4/2/21,74.88,74.88
4/5/21,71.04,71.04
4/6/21,73.66,73.66
4/7/21,70.5,70.5
4/8/21,63.32,63.32
4/9/21,67.59,67.59
4/12/21,74.09,74.09
4/13/21,77.45,77.45
4/14/21,74.81,74.81
4/15/21,66.72,66.72
4/16/21,63.73,63.73
4/19/21,69.02,69.02
4/20/21,73.14,73.14
4/21/21,66.34,66.34
4/22/21,69.05,69.05
4/23/21,78.9,78.9
4/26/21,73.97,73.97
4/27/21,75.46,75.46
4/28/21,78.84,78.84
4/29/21,76.5,76.5
4/30/21,76.5,76.5
5/3/21,74.16,74.16
5/4/21,81.78,81.78
5/5/21,76.94,76.94
5/6/21,72.87,72.87
5/7/21,72.43,72.43
5/10/21,81.42,81.42
5/11/21,75.49,75.49
5/12/21,77.76,77.76
5/13/21,86.84,86.84
5/14/21,89.89,89.89
5/17/21,117.62,117.62
5/18/21,102.69,102.69
5/19/21,127.42,127.42
5/20/21,110.31,110.31
5/21/21,135.04,135.04
5/24/21,121.91,121.91
5/25/21,122.89,122.89
5/26/21,148.56,148.56
5/27/21,80.13,80.13
5/28/21,80.13,80.13
5/31/21,80.13,80.13
6/1/21,96.81,96.81
6/2/21,88.25,88.25
6/3/21,84.21,84.21
6/4/21,87.89,87.89
6/7/21,84.68,84.68
6/8/21,101.85,101.85
6/9/21,91.56,91.56
6/10/21,85.72,85.72
6/11/21,84.19,84.19
6/14/21,87.35,87.35
6/15/21,85.93,85.93
6/16/21,85.43,85.43
6/17/21,87.01,87.01
6/18/21,86.87,86.87
6/21/21,103.73,103.73
6/22/21,113.68,113.68
6/23/21,94.71,94.71
6/24/21,82.9,82.9
6/25/21,82.9,82.9
6/28/21,92.67,92.67
6/29/21,88.31,88.31
6/30/21,92.77,92.77
7/1/21,91.12,91.12
7/2/21,90.17,90.17
7/5/21,90.17,90.17
7/6/21,84.25,84.25
7/7/21,82.31,82.31
7/8/21,81.76,81.76
7/9/21,78.44,78.44
7/12/21,77.69,77.69
7/13/21,76.25,76.25
7/14/21,74.31,74.31
7/15/21,75.46,75.46
7/16/21,69.26,69.26
7/19/21,80.05,80.05
7/20/21,87.86,87.86
7/21/21,77.54,77.54
7/22/21,72.47,72.47
7/23/21,66.48,66.48
7/26/21,85.54,85.54
7/27/21,75.54,75.54
7/28/21,88.08,88.08
7/29/21,69.68,69.68
7/30/21,69.68,69.68
8/2/21,80.18,80.18
8/3/21,78.69,78.69
8/4/21,80.77,80.77
8/5/21,85.59,85.59
8/6/21,83.64,83.64
8/9/21,94.48,94.48
8/10/21,89.69,89.69
8/11/21,83.3,83.3
8/12/21,80.31,80.31
8/13/21,81.08,81.08
8/16/21,79.71,79.71
8/17/21,80.1,80.1
8/18/21,74.61,74.61
8/19/21,75.81,75.81
8/20/21,76.05,76.05
8/23/21,79.02,79.02
8/24/21,76.29,76.29
8/25/21,71.79,71.79
8/26/21,67.61,67.61
8/27/21,67.61,67.61
8/30/21,80.59,80.59
8/31/21,81.1,81.1
9/1/21,84.18,84.18
9/2/21,82.68,82.68
9/3/21,78.75,78.75
9/6/21,78.75,78.75
9/7/21,85.91,85.91
9/8/21,78.84,78.84
9/9/21,79.94,79.94
9/10/21,78.47,78.47
9/13/21,78.43,78.43
9/14/21,74.85,74.85
9/15/21,72.27,72.27
9/16/21,66.6,66.6
9/17/21,67.68,67.68
9/20/21,84.8,84.8
9/21/21,91.46,91.46
9/22/21,88.79,88.79
9/23/21,69.31,69.31
9/24/21,69.31,69.31
9/27/21,81.23,81.23
9/28/21,81.35,81.35
9/29/21,82.1,82.1
9/30/21,80.77,80.77
10/1/21,75.04,75.04
10/4/21,81.04,81.04
10/5/21,79.97,79.97
10/6/21,80,80
10/7/21,77.69,77.69
10/8/21,77.86,77.86
10/11/21,78.06,78.06
10/12/21,84.46,84.46
10/13/21,84.38,84.38
10/14/21,91.98,91.98
10/15/21,84.06,84.06
10/18/21,83.39,83.39
10/19/21,83.63,83.63
10/20/21,84.78,84.78
10/21/21,81.19,81.19
10/22/21,77.68,77.68
10/25/21,73.02,73.02
10/26/21,71.72,71.72
10/27/21,73.24,73.24
10/28/21,68.5,68.5
10/29/21,68.5,68.5
11/1/21,79.55,79.55
11/2/21,81.21,81.21
11/3/21,77.56,77.56
11/4/21,78.13,78.13
11/5/21,75.85,75.85
11/8/21,79,79
11/9/21,76.89,76.89
11/10/21,80.68,80.68
11/11/21,77.3,77.3
11/12/21,81.63,81.63
11/15/21,75.29,75.29
11/16/21,80.43,80.43
11/17/21,76.91,76.91
11/18/21,75.7,75.7
11/19/21,72.09,72.09
11/22/21,79.92,79.92
11/23/21,72.05,72.05
11/24/21,72.11,72.11
11/25/21,72.11,72.11
11/26/21,72.11,72.11
11/29/21,77.84,77.84
11/30/21,79.71,79.71
12/1/21,78.41,78.41
12/2/21,77.33,77.33
12/3/21,76.26,76.26
12/6/21,80.15,80.15
12/7/21,78.32,78.32
12/8/21,78.98,78.98
12/9/21,80.73,80.73
12/10/21,79.64,79.64
12/13/21,81.25,81.25
12/14/21,79.02,79.02
12/15/21,70.48,70.48
12/16/21,67.07,67.07
12/17/21,66.5,66.5
12/20/21,66.57,66.57
12/21/21,60.3,60.3
12/22/21,59.44,59.44
12/23/21,60.59,60.59
12/24/21,60.59,60.59
12/27/21,50.83,50.83
12/28/21,46.7,46.7
12/29/21,41.82,41.82
12/30/21,27.07,27.07
12/31/21,27.07,27.07
1/3/22,60.8,60.8
1/4/22,63.09,63.09
1/5/22,66.51,66.51
1/6/22,61.08,61.08
1/7/22,61.52,61.52
1/10/22,59.98,59.98
1/11/22,63.27,63.27
1/12/22,56.53,56.53
1/13/22,52.28,52.28
1/14/22,50.42,50.42
1/17/22,50.42,40.56
1/18/22,50,50
1/19/22,47.65,47.65
1/20/22,45.27,45.27
1/21/22,59.88,59.88
1/24/22,66.68,66.68
1/25/22,55.98,55.98
1/26/22,51.39,51.39
1/27/22,37.99,37.99
1/28/22,37.99,37.99
1/31/22,58.61,58.61
2/1/22,59.04,59.04
2/2/22,59.84,59.84
2/3/22,60.9,60.9
2/4/22,57.26,57.26
2/7/22,56.54,56.54
2/8/22,54.72,54.72
2/9/22,53.73,53.73
2/10/22,56.46,56.46
2/11/22,58.71,58.71
2/14/22,55.13,55.13
2/15/22,49.82,49.82
2/16/22,49.05,49.05
2/17/22,54.18,54.18
2/18/22,50.17,50.17
2/21/22,50.17,23.09
2/22/22,47.95,47.95
2/23/22,50.29,50.29
2/24/22,39.07,39.07
2/25/22,39.07,39.07
2/28/22,65.28,65.28
3/1/22,66.55,66.55
3/2/22,63.31,63.31
3/3/22,63.92,63.92
3/4/22,69.74,69.74
3/7/22,69.12,69.12
3/8/22,68.7,68.7
3/9/22,68.73,68.73
3/10/22,66.56,66.56
3/11/22,65.78,65.78
3/14/22,68.49,68.49
3/15/22,68.04,68.04
3/16/22,66.24,66.24
3/17/22,59.52,59.52
3/18/22,54.23,54.23
3/21/22,45.9,45.9
3/22/22,41.09,41.09
3/23/22,37.77,37.77
3/24/22,30.11,30.11
3/25/22,30.11,30.11
3/28/22,56.84,56.84
3/29/22,55.83,55.83
3/30/22,55.31,55.31
3/31/22,55.74,55.74
4/1/22,52.65,52.65
4/4/22,53.65,53.65
4/5/22,55.04,55.04
4/6/22,57.52,57.52
4/7/22,53.47,53.47
4/8/22,51.36,51.36
4/11/22,54.92,54.92
4/12/22,51.81,51.81
4/13/22,49.78,49.78
4/14/22,47.7,47.7
4/15/22,47.7,47.7
4/18/22,46.42,46.42
4/19/22,43.99,43.99
4/20/22,44.87,44.87
4/21/22,43.87,43.87
4/22/22,41.99,41.99
4/25/22,45.52,45.52
4/26/22,44.29,44.29
4/27/22,33.26,33.26
4/28/22,27.04,27.04
4/29/22,27.04,27.04
5/2/22,52.24,52.24
5/3/22,53.7,53.7
5/4/22,50.92,50.92
5/5/22,54.32,54.32
5/6/22,51.71,51.71
5/9/22,72.33,72.33
5/10/22,63.56,63.56
5/11/22,85.84,85.84
5/12/22,98.98,98.98
5/13/22,71.13,71.13
5/16/22,70.59,70.59
5/17/22,61.7,61.7
5/18/22,64.43,64.43
5/19/22,58.86,58.86
5/20/22,60.48,60.48
5/23/22,55.01,55.01
5/24/22,44.19,44.19
5/25/22,37.84,37.84
5/26/22,32.08,32.08
5/27/22,32.08,32.08
5/30/22,48.04,32.08
5/31/22,62.04,62.04
6/1/22,63.67,63.67
6/2/22,60.78,60.78
6/3/22,59.56,59.56
6/6/22,55.67,55.67
6/7/22,57.75,57.75
6/8/22,59.59,59.59
6/9/22,60.31,60.31
6/10/22,61.76,61.76
6/13/22,99.83,99.83
6/14/22,95.43,95.43
6/15/22,95.68,95.68
6/16/22,98.18,98.18
6/17/22,85.74,85.74
6/20/22,85.74,85.74
6/21/22,63.86,63.86
6/22/22,59.8,59.8
6/23/22,34.15,34.15
6/24/22,34.15,34.15
6/27/22,76.55,76.55
6/28/22,75.18,75.18
6/29/22,76.82,76.82
6/30/22,82.67,82.67
7/1/22,79.43,79.43
7/4/22,79.43,79.43
7/5/22,73.95,73.95
7/6/22,70.9,70.9
7/7/22,68.66,68.66
7/8/22,66.24,66.24
7/11/22,66.94,66.94
7/12/22,72.75,72.75
7/13/22,71.95,71.88
7/14/22,68.16,68.16
7/15/22,66.05,66.32
7/18/22,71.37,71.37
7/19/22,76.24,76.24
7/20/22,75.18,75.18
7/21/22,70.01,70.01
7/22/22,73.84,73.84
7/25/22,64.03,64.03
7/26/22,63.84,63.84
7/27/22,51.23,51.23
7/28/22,38.88,38.88
7/29/22,38.88,38.88
8/1/22,71.18,71.18
8/2/22,70.35,70.35
8/3/22,66.05,66.05
8/4/22,64.47,64.47
8/5/22,64.86,64.86
8/8/22,65.39,65.39
8/9/22,65.4,65.4
8/10/22,61.54,61.54
8/11/22,58.82,58.82
8/12/22,56.74,56.72
8/15/22,54.2,54.2
8/16/22,56.19,56.19
8/17/22,57.82,57.82
8/18/22,52.31,52.31
8/19/22,58.87,58.86
8/22/22,51.65,51.65
8/23/22,43.71,43.71
8/24/22,37.07,37.07
8/25/22,32.83,32.83
8/26/22,32.83,32.83
8/29/22,65.25,65.25
8/30/22,67.87,67.87
8/31/22,65.97,65.97
9/1/22,67,67
9/2/22,64.78,64.78
9/5/22,64.78,64.78
9/6/22,68.71,68.71
9/7/22,65.89,65.89
9/8/22,62.89,62.89
9/9/22,62.51,62.51
9/12/22,69.13,69.13
9/13/22,70.09,70.09
9/14/22,67.35,67.35
9/15/22,64.68,64.66
9/16/22,61.79,61.78
9/19/22,60.58,60.58
9/20/22,65.38,65.38
9/21/22,60.94,60.93
9/22/22,59.93,59.93
9/23/22,57.64,57.64
9/26/22,54.54,54.54
9/27/22,53.95,53.95
9/28/22,44.52,44.52
9/29/22,34.45,34.45
9/30/22,34.45,34.45
10/3/22,59.41,59.41
10/4/22,61.27,61.37
10/5/22,60.51,60.51
10/6/22,59.14,59.13
10/7/22,56.57,56.37
10/10/22,60.49,60.49
10/11/22,60.04,60.04
10/12/22,58.04,57.98
10/13/22,54.62,54.63
10/14/22,50.01,50
10/17/22,45.83,45.83
10/18/22,45.76,45.76
10/19/22,41.06,41.06
10/20/22,39.09,39.09
10/21/22,36.34,36.34
10/24/22,34.36,34.36
10/25/22,42.18,42.18
10/26/22,35.67,35.67
10/27/22,26.67,26.67
10/28/22,26.67,26.67
10/31/22,51.84,51.84
11/1/22,51.47,51.47
11/2/22,48.15,48.15
11/3/22,43.79,43.79
11/4/22,45.55,45.55
11/7/22,46.3,46.3
11/8/22,72.91,72.91
11/9/22,102.11,102.11
11/10/22,76.68,76.71
11/11/22,89.44,89.43
11/14/22,88.78,88.78
11/15/22,73.68,73.68
11/16/22,76.54,76.54
11/17/22,59.01,59.01
11/18/22,58.48,58.48
11/21/22,74.32,74.32
11/22/22,56.62,56.62
11/23/22,44.42,44.42
11/24/22,44.42,44.42
11/25/22,44.42,44.42
11/28/22,59.75,59.75
11/29/22,59.17,59.17
11/30/22,56.88,56.88
12/1/22,52.94,52.94
12/2/22,51.93,51.93
12/5/22,50.6,50.6
12/6/22,50.88,50.67
12/7/22,51.54,51.54
12/8/22,48.79,48.79
12/9/22,48.6,48.6
12/12/22,50.17,50.17
12/13/22,48.24,48.24
12/14/22,45.89,45.89
12/15/22,45.22,45.23
12/16/22,46,46.03
12/19/22,43.4,43.4
12/20/22,36.61,36.61
12/21/22,38.44,38.44
12/22/22,32.15,32.15
12/23/22,29.65,29.65
12/26/22,29.65,29.65
12/27/22,28.5,28.5
12/28/22,24.99,24.99
12/29/22,24.59,24.59
12/30/22,24.59,24.59
1/2/23,24.59,24.59
1/3/23,43.1,43.1
1/4/23,40.47,40.31
1/5/23,36.7,36.7
1/6/23,35.91,35.91
1/9/23,38.01,37.87
1/10/23,37.81,37.79
1/11/23,39.42,39.42
1/12/23,44.5,44.48
1/13/23,48.89,48.88
1/16/23,66.21,48.88
1/17/23,53.99,54
1/18/23,50.66,50.66
1/19/23,43.3,43.3
1/20/23,46.95,46.95
1/23/23,46.43,46.43
1/24/23,39.28,39.28
1/25/23,28.91,28.91
1/26/23,23.09,23.09
1/27/23,23.09,23.09
1/30/23,50.46,50.46
1/31/23,52.39,52.39
2/1/23,50.16,50.16
2/2/23,49.97,49.97
2/3/23,46.87,46.88
2/6/23,47.68,47.68
2/7/23,43.65,43.65
2/8/23,43.67,43.67
2/9/23,43.2,43.2
2/10/23,40.53,40.56
2/13/23,44.6,44.6
2/14/23,36.38,36.38
2/15/23,45.4,45.4
2/16/23,53.21,53.21
2/17/23,53.72,53.72
2/20/23,53.72,44.05
2/21/23,41.17,41.17
2/22/23,28.32,28.32
2/23/23,20.15,20.15
2/24/23,20.15,20.15
2/27/23,46.54,46.54
2/28/23,45.58,45.62
3/1/23,48.47,48.63
3/2/23,47.47,47.47
3/3/23,46.24,46.19
3/6/23,45.07,45.07
3/7/23,45.73,45.7
3/8/23,43.12,43.12
3/9/23,47.58,47.79
3/10/23,49.06,49.06
3/13/23,61.25,61.29
3/14/23,59.54,59.54
3/15/23,60.98,60.98
3/16/23,57.22,57.22
3/17/23,61.05,61.05
3/20/23,60.87,60.87
3/21/23,63.62,63.62
3/22/23,59.46,59.46
3/23/23,58.39,58.39
3/24/23,53.78,53.78
3/27/23,46.67,46.67
3/28/23,40.78,40.78
3/29/23,36.12,36.12
3/30/23,29.01,29.01
3/31/23,29.01,29.01
4/3/23,55.5,55.5
4/4/23,54.94,54.94
4/5/23,54.31,54.19
4/6/23,52.14,52.14
4/7/23,48.6,48.6
4/10/23,56.5,56.53
4/11/23,55.36,55.36
4/12/23,48.97,48.97
4/13/23,45.81,45.81
4/14/23,44.5,44.5
4/17/23,45.63,45.63
4/18/23,44.74,44.74
4/19/23,43.42,43.42
4/20/23,41.24,41.24
4/21/23,39.91,39.91
4/24/23,33.37,33.37
4/25/23,30.1,30.1
4/26/23,39,39
4/27/23,27.32,27.32
4/28/23,27.32,27.32
5/1/23,47.07,47.09
5/2/23,46.93,46.86
5/3/23,43.99,43.99
5/4/23,45.61,45.61
5/5/23,46.91,46.91
5/8/23,43.08,43.07
5/9/23,43.46,43.36
5/10/23,42.68,42.57
5/11/23,42.59,42.6
5/12/23,40.91,40.91
5/15/23,44.05,44.08
5/16/23,39.77,39.6
5/17/23,37.23,37.23
5/18/23,34.9,34.9
5/19/23,33.11,33.11
5/22/23,28.52,28.52
5/23/23,27.25,27.32
5/24/23,22.95,22.95
5/25/23,16.23,16.23
5/26/23,16.23,16.23
5/29/23,45.16,38.9
5/30/23,38.25,38.25
5/31/23,38.36,38.36
6/1/23,35.34,35.34
6/2/23,34.89,34.89
6/5/23,34.83,34.83
6/6/23,35.23,35.23
6/7/23,36.93,36.93
6/8/23,36.15,36.15
6/9/23,35.3,35.3
6/12/23,39.68,39.52
6/13/23,38.54,38.54
6/14/23,34.08,34.12
6/15/23,39.12,38.91
6/16/23,37.98,37.98
6/19/23,16.92,41.06
6/20/23,44.83,44.83
6/21/23,47.4,47.4
6/22/23,43.65,43.66
6/23/23,43.89,43.88
6/26/23,37.65,37.65
6/27/23,35.39,35.39
6/28/23,29.49,29.49
6/29/23,18.25,18.25
6/30/23,18.25,18.25
7/3/23,45.77,45.77
7/4/23,45.77,45.77
7/5/23,40.67,40.77
7/6/23,43.5,43.5
7/7/23,38.34,38.39
7/10/23,38.46,38.46
7/11/23,37.74,37.74
7/12/23,36.95,36.95
7/13/23,39.49,39.34
7/14/23,38.51,38.51
7/17/23,35.69,35.7
7/18/23,34.68,34.68
7/19/23,31.01,31.19
7/20/23,29.53,29.55
7/21/23,29.41,29.42
7/24/23,25.31,25.31
7/25/23,24.63,24.63
7/26/23,20.28,20.28
7/27/23,13.81,13.81
7/28/23,13.81,13.81
7/31/23,30.93,30.89
8/1/23,30.48,30.48
8/2/23,31.01,31
8/3/23,30.55,30.55
8/4/23,29.64,29.64
8/7/23,30.79,30.7
8/8/23,32.71,32.71
8/9/23,34.56,34.74
8/10/23,29.64,29.64
8/11/23,26.13,25.95
8/14/23,25.87,25.87
8/15/23,26.19,26.19
8/16/23,26.98,26.98
8/17/23,29.09,28.84
8/18/23,38.2,38.19
8/21/23,29.65,29.65
8/22/23,28.22,28.22
8/23/23,25.25,25.25
8/24/23,15.94,15.94
8/25/23,15.94,15.94
8/28/23,32.49,32.47
8/29/23,34.79,34.79
8/30/23,35.51,32.14
8/31/23,33.56,33.56
9/1/23,31.28,31.28
9/4/23,31.28,31.28
9/5/23,32.3,32.3
9/6/23,31.49,31.49
9/7/23,31.66,31.67
9/8/23,31.6,31.59
9/11/23,36.84,36.84
9/12/23,34.89,34.99
9/13/23,33.96,33.96
9/14/23,32.68,32.68
9/15/23,28.69,28.69
9/18/23,30.69,30.69
9/19/23,32.71,32.71
9/20/23,28.74,28.74
9/21/23,28.64,28.64
9/22/23,22.66,22.66
9/25/23,23.5,23.5
9/26/23,22.2,22.2
9/27/23,19.19,19.19
9/28/23,14.13,14.13
9/29/23,14.13,14.13
10/2/23,33.64,33.64
10/3/23,31.98,31.98
10/4/23,30.98,30.98
10/5/23,30.59,30.59
10/6/23,29.84,29.84
10/9/23,31.66,31.66
10/10/23,31.27,31.27
10/11/23,28.36,28.36
10/12/23,28.02,28.02
10/13/23,27.12,27.18
10/16/23,33.72,33.72
10/17/23,33.16,33.16
10/18/23,28.91,28.84
10/19/23,27.92,27.92
10/20/23,28.65,28.65
10/23/23,38.65,38.65
10/24/23,37.26,37.26
10/25/23,37.13,37.13
10/26/23,21.59,21.59
10/27/23,21.59,21.59
10/30/23,47.28,47.28
10/31/23,45.98,45.87
11/1/23,47.91,47.91
11/2/23,52.57,52.57
11/3/23,48.52,48.54
11/6/23,47.17,47.17
11/7/23,49.36,49.36
11/8/23,46.13,46.13
11/9/23,49.73,49.73
11/10/23,48.58,48.58
11/13/23,46.92,46.92
11/14/23,45.96,45.96
11/15/23,49.39,49.39
11/16/23,46,46
11/17/23,38.75,38.75
11/20/23,37.12,37.12
11/21/23,31.17,31.17
11/22/23,31.79,31.79
11/23/23,31.79,31.79
11/24/23,31.79,31.79
11/27/23,46.25,46.25
11/28/23,47.12,47.12
11/29/23,46.37,46.37
11/30/23,43.55,43.55
12/1/23,45.01,45.01
12/4/23,47.72,47.66
12/5/23,45.16,45.16
12/6/23,45.31,45.31
12/7/23,42.7,42.68
12/8/23,41.39,41.28
12/11/23,46.41,46.41
12/12/23,42.55,42.55
12/13/23,40.87,40.87
12/14/23,40.29,40.29
12/15/23,39.33,39.33
12/18/23,37.58,37.58
12/19/23,38.95,38.95
12/20/23,40.02,40.02
12/21/23,37.06,36.99
12/22/23,33,32.99
12/25/23,33,32.99
12/26/23,30.02,30.02
12/27/23,26.32,26.32
12/28/23,19.29,19.29
12/29/23,19.29,19.29
1/1/24,19.29,19.29
1/2/24,61.66,61.7
1/3/24,62.21,62.2
1/4/24,63.92,63.92
1/5/24,68.74,63.72
1/8/24,67.65,67.62
1/9/24,65.44,65.42
1/10/24,54.23,54.2
1/11/24,55.37,55.37
1/12/24,49.71,49.74
1/15/24,52.31,49.74
1/16/24,46.64,46.64
1/17/24,42.85,42.85
1/18/24,42.06,42.06
1/19/24,39.39,39.39
1/22/24,39.7,39.7
1/23/24,36.56,36.56
1/24/24,28.91,28.91
1/25/24,20.19,20.19
1/26/24,20.19,20.19
1/29/24,43.37,43.37
1/30/24,42.88,42.88
1/31/24,42.96,42.96
2/1/24,40.06,40.06
2/2/24,37.14,37.13
2/5/24,37.9,37.9
2/6/24,37.26,37.23
2/7/24,36.54,36.54
2/8/24,38.1,38.1
2/9/24,41.46,41.46
2/12/24,45.89,45.89
2/13/24,43.17,43.17
2/14/24,48.09,48.09
2/15/24,44.02,44.02
2/16/24,41.06,41.06
2/19/24,41.06,41.06
2/20/24,37.59,37.59
2/21/24,35.65,35.65
2/22/24,25.53,25.53
2/23/24,25.53,25.53
2/26/24,52.12,52.1
2/27/24,54.56,54.56
2/28/24,61.11,61.12
2/29/24,62.17,62.11
3/1/24,61.62,61.63
3/4/24,68.7,68.67
3/5/24,68.78,68.75
3/6/24,74.54,74.5
3/7/24,67.7,67.68
3/8/24,67.3,67.3
3/11/24,74.78,74.78
3/12/24,67.27,67.27
3/13/24,67.71,67.71
3/14/24,63.65,63.65
3/15/24,65.76,65.76
3/18/24,59.85,59.85
3/19/24,60.03,60.01
3/20/24,58.9,58.9
3/21/24,54.68,54.68
3/22/24,51.39,51.39
3/25/24,43.83,43.83
3/26/24,34.38,34.38
3/27/24,26.36,26.36
3/28/24,26.36,26.36
3/29/24,26.36,26.36
4/1/24,70.69,70.67
4/2/24,72.21,72.17
4/3/24,67.66,67.64
4/4/24,67.37,67.38
4/5/24,66.06,66.08
4/8/24,70.22,70.22
4/9/24,66.61,66.61
4/10/24,63.05,63.07
4/11/24,59.74,59.77
4/12/24,57.62,57.59
4/15/24,65.49,65.41
4/16/24,63.18,63.09
4/17/24,59.81,59.81
4/18/24,57.57,57.57
4/19/24,56.51,56.51
4/22/24,48.74,48.74
4/23/24,41.3,41.3
4/24/24,36.21,36.21
4/25/24,22.03,22.03
4/26/24,22.03,22.03
4/29/24,50.78,50.82
4/30/24,56.62,56.64
5/1/24,57.34,57.31
5/2/24,51.04,51.06
5/3/24,50.38,50.41
5/6/24,50.83,50.79
5/7/24,49.17,49.14
5/8/24,48.95,48.95
5/9/24,46.3,46.24
5/10/24,47.73,47.73
5/13/24,49.15,49.15
5/14/24,47.45,47.42
5/15/24,47.61,47.61
5/16/24,47.41,47.41
5/17/24,47.04,47.04
5/20/24,49.08,49.08
5/21/24,43.09,43.09
5/22/24,44.24,44.24
5/23/24,44.8,44.8
5/24/24,36.29,36.29
5/27/24,30.17,36.29
5/28/24,34.8,34.8
5/29/24,28,28
5/30/24,21.46,21.46
5/31/24,21.46,21.46
6/3/24,50.74,50.74
6/4/24,49.31,49.31
6/5/24,52.69,52.7
6/6/24,48.65,48.65
6/7/24,47.56,47.57
6/10/24,45.36,45.36
6/11/24,47.16,47.16
6/12/24,43.17,43.17
6/13/24,41.07,41.07
6/14/24,39.85,39.85
6/17/24,39.92,39.92
6/18/24,41.85,41.85
6/19/24,41.85,41.85
6/20/24,37.98,37.98
6/21/24,33.67,33.67
6/24/24,39.92,40.07
6/25/24,31.45,31.45
6/26/24,26.45,26.45
6/27/24,19.19,19.19
6/28/24,19.19,19.19
7/1/24,42.71,42.74
7/2/24,40.25,40.25
7/3/24,41.65,41.66
7/4/24,41.65,46.68
7/5/24,47.47,47.49
7/8/24,48.8,48.8
7/9/24,47.48,47.48
7/10/24,45.2,45.2
7/11/24,44.82,44.82
7/12/24,42.29,42.29
7/15/24,48.32,48.32
7/16/24,49.5,49.51
7/17/24,47.99,47.99
7/18/24,43.12,43.12
7/19/24,49.09,49.1
7/22/24,49.27,49.27
7/23/24,37.99,37.99
7/24/24,32.63,32.63
7/25/24,22.73,22.73
7/26/24,22.73,22.73
7/29/24,49.83,49.83
7/30/24,47.04,47.06
7/31/24,45.12,45.14
8/1/24,43.88,43.89
8/2/24,45.86,45.87
8/5/24,54.59,54.59
8/6/24,55,55.07
8/7/24,54.98,54.98
8/8/24,51.94,51.96
8/9/24,49.76,49.76
8/12/24,51.72,51.72
8/13/24,51.14,51.14
8/14/24,48.21,48.21
8/15/24,48.31,48.31
8/16/24,45.96,45.96
8/19/24,43.44,43.44
8/20/24,43.63,43.63
8/21/24,43.17,43.17
8/22/24,40.46,40.46
8/23/24,38.83,38.76
8/26/24,32.65,32.65
8/27/24,28.39,28.39
8/28/24,34.05,34.05
8/29/24,23.02,23.02
8/30/24,23.02,23.02
9/2/24,23.02,23.02
9/3/24,51.22,51.28
9/4/24,52.13,52.1
9/5/24,52.41,52.4
9/6/24,56.42,56.35
9/9/24,53.33,53.33
9/10/24,52.44,52.44
9/11/24,49.31,49.31
9/12/24,47.17,47.25
9/13/24,46.09,46.1
9/16/24,47.4,47.4
9/17/24,46.79,46.79
9/18/24,43.34,43.34
9/19/24,41.65,41.65
9/20/24,38.34,38.36
9/23/24,35.69,35.69
9/24/24,32.18,32.18
9/25/24,27.51,27.51
9/26/24,22.17,22.17
9/27/24,22.17,22.17
9/30/24,46.53,46.55
10/1/24,47.08,47.08
10/2/24,46.76,46.76
10/3/24,47.34,47.41
10/4/24,45.34,45.36
10/7/24,42.57,42.57
10/8/24,41.18,41.18
10/9/24,41.64,41.64
10/10/24,41.78,41.78
10/11/24,40.57,40.57
10/14/24,41.98,41.98
10/15/24,43.09,43.09
10/16/24,40.7,40.7
10/17/24,37.8,37.72
10/18/24,35.19,35.19
10/21/24,32.58,32.58
10/22/24,28.99,28.99
10/23/24,24.07,24.07
10/24/24,16.69,16.69
10/25/24,16.69,16.69
10/28/24,55.01,54.99
10/29/24,58.47,58.51
10/30/24,56.85,56.85
10/31/24,56.57,56.57
11/1/24,58.47,58.47
11/4/24,61.76,61.72
11/5/24,64.77,64.78
11/6/24,53.46,53.46
11/7/24,52.2,52.19
11/8/24,47.7,47.69
11/11/24,57.5,57.5
11/12/24,57.34,57.34
11/13/24,55.88,55.88
11/14/24,55.58,55.58
11/15/24,53.33,53.33
11/18/24,53.82,53.82
11/19/24,52.59,52.59
11/20/24,52.94,52.94
11/21/24,61.87,61.87
11/22/24,59.24,59.24
11/25/24,62.78,62.78
11/26/24,64.83,64.83
11/27/24,52.8,52.8
11/28/24,42.2,52.8
11/29/24,42.2,52.8
12/2/24,55.22,55.22
12/3/24,54.49,54.49
12/4/24,55.96,55.97
12/5/24,58.66,58.66
12/6/24,56.94,56.98
12/9/24,55.54,55.55
12/10/24,56.11,56.11
12/11/24,56.76,56.76
12/12/24,55.86,55.86
12/13/24,51.97,51.93
12/16/24,53.44,53.44
12/17/24,51.4,51.4
12/18/24,50.53,50.53
12/19/24,56.43,56.43
12/20/24,50.19,50.19
12/23/24,51.58,51.58
12/24/24,51.76,51.76
12/25/24,51.76,51.76
12/26/24,51.5,51.5
12/27/24,51.5,51.5
12/30/24,59.82,59.82
12/31/24,58.83,58.83
1/1/25,58.83,58.83
1/2/25,59.04,59.03
1/3/25,55.23,55.23
1/6/25,55.29,55.28
1/7/25,54.47,54.48
1/8/25,55.27,55.31
1/9/25,56.76,56.75
1/10/25,54.33,54.33
1/13/25,59.37,59.37
1/14/25,58.59,58.59
1/15/25,58.02,58.02
1/16/25,59.4,59.35
1/17/25,63.25,63.24
1/20/25,91.26,54.65
1/21/25,60.73,60.73
1/22/25,57.29,57.29
1/23/25,58.07,58.07
1/24/25,51.9,51.9
1/27/25,58.17,58.17
1/28/25,51.98,51.98
1/29/25,50.42,50.42
1/30/25,39.11,39.11
1/31/25,39.11,39.11
2/3/25,54.32,54.32
2/4/25,52.5,52.49
2/5/25,51.76,51.76
2/6/25,50.54,50.54
2/7/25,49.85,49.85
2/10/25,46.97,46.97
2/11/25,49,48.98
2/12/25,45.98,45.97
2/13/25,45.52,45.46
2/14/25,44.55,44.55
2/17/25,44.55,50.39
2/18/25,46.33,46.33
2/19/25,40.72,40.72
2/20/25,39.02,39.02
2/21/25,42.55,42.55
2/24/25,42.06,42.06
2/25/25,51.85,51.85
2/26/25,65.66,65.55
2/27/25,59.33,59.33
2/28/25,59.33,59.33
3/3/25,56.24,56.24
3/4/25,60.35,60.35
3/5/25,56.93,56.93
3/6/25,57.02,57.02
3/7/25,53.23,53.23
3/10/25,61.06,61.06
3/11/25,58.44,58.44
3/12/25,56.18,56.18
3/13/25,55.02,55.02
3/14/25,51.01,51.01
3/17/25,51.79,51.79
3/18/25,51.18,51.18
3/19/25,49.31,49.31
3/20/25,45.04,45.04
3/21/25,40.83,40.83
3/24/25,41.37,41.37
3/25/25,38.8,38.8
3/26/25,38.05,38.05
3/27/25,33.39,33.39
3/28/25,33.39,33.39
3/31/25,50.62,50.62
4/1/25,48.04,48.04
4/2/25,47.84,47.84
4/3/25,50.91,50.91
4/4/25,53.06,53.06
4/7/25,55.58,55.51
4/8/25,57.19,57.19
4/9/25,51.67,51.67
4/10/25,53.16,53.16
4/11/25,55.47,55.47
4/14/25,51.49,51.49
4/15/25,46.25,46.25
4/16/25,45.14,45.14
4/17/25,39.82,39.82
4/18/25,39.82,39.82
4/21/25,42.48,42.48
4/22/25,44.19,44.19
4/23/25,43.48,43.48
4/24/25,36.62,36.62
4/25/25,36.62,36.62
4/28/25,45.93,45.93
4/29/25,44.91,44.91
4/30/25,44.28,44.28
5/1/25,44.24,44.24
5/2/25,43.45,43.45
5/5/25,42.91,42.91
5/6/25,42.52,42.52
5/7/25,41.98,41.98
5/8/25,42.33,42.33
5/9/25,43.31,43.31
5/12/25,42.61,42.61
5/13/25,42.32,42.32
5/14/25,40.57,40.57
5/15/25,39.27,39.27
5/16/25,36.42,36.42
5/19/25,41.27,41.27
5/20/25,42.79,42.79
5/21/25,45.17,45.17
5/22/25,47.06,47.06
5/23/25,41.35,41.35
5/26/25,56.03,41.35
5/27/25,43.95,43.95
5/28/25,41.7,41.7
5/29/25,33.93,33.93
5/30/25,33.93,33.93
6/2/25,41.62,41.62
6/3/25,40.86,40.86
6/4/25,39.48,39.48
6/5/25,39.18,39.18
6/6/25,37.78,37.78
6/9/25,39.29,39.29
6/10/25,39.37,39.37
6/11/25,38.82,38.8
6/12/25,36.02,36.02
6/13/25,39.43,39.43
6/16/25,35.78,35.78
6/17/25,38.82,38.82
6/18/25,37.47,37.47
6/19/25,37.47,37.47
6/20/25,38.37,38.37
6/23/25,38.24,38.24
6/24/25,34.63,34.63
6/25/25,30.22,30.22
6/26/25,27.34,27.34
6/27/25,27.34,27.34
6/30/25,36.91,36.91
7/1/25,35.98,35.98
7/2/25,36.96,36.95
7/3/25,35.72,35.72
7/4/25,35.72,33.79
7/7/25,34.97,34.97
7/8/25,33.33,33.28
7/9/25,37.23,37.26
7/10/25,35.55,35.55
7/11/25,35.43,35.4
7/14/25,37.95,37.95
7/15/25,38.85,38.87
7/16/25,37.04,37
7/17/25,33.78,33.78
7/18/25,34,34
7/21/25,35.46,35.46
7/22/25,33.42,33.42
7/23/25,31.4,31.4
7/24/25,26.09,26.09
7/25/25,26.09,26.09
7/28/25,37.72,37.72
7/29/25,35.87,35.9
7/30/25,35.6,35.6
7/31/25,34.63,34.63
8/1/25,36.24,36.27
8/4/25,34.93,34.91
8/5/25,32.29,32.29
8/6/25,30.76,30.76
8/7/25,31.25,31.25
8/8/25,30.26,30.26
8/11/25,33,33
8/12/25,32.19,32.18
8/13/25,36.53,36.53
8/14/25,35.16,35.16
8/15/25,33.32,33.32
8/18/25,31.57,31.53
8/19/25,34.72,34.72
8/20/25,33.7,33.7
8/21/25,36.01,36.01
8/22/25,29.89,29.89
8/25/25,39.38,39.38
8/26/25,31.59,31.59
8/27/25,32.17,32.17
8/28/25,30.88,30.88
8/29/25,30.88,30.88
9/1/25,30.88,30.88
9/2/25,37.19,37.19
9/3/25,36.44,36.47
9/4/25,37.69,37.69
9/5/25,36.39,36.39
9/8/25,35.26,35.26
9/9/25,35.52,35.52
9/10/25,33.93,33.93
9/11/25,32.35,32.35
9/12/25,30.48,30.48
9/15/25,33.52,33.52
9/16/25,35.21,35.21
9/17/25,32.49,32.49
9/18/25,27.27,27.23
9/19/25,29.93,29.93
9/22/25,31.27,31.27
9/23/25,31.55,31.55
9/24/25,27.93,27.93
9/25/25,31.2,31.2
9/26/25,31.2,31.2
9/29/25,35.89,35.89
9/30/25,35.02,35.02
10/1/25,35.52,35.52
10/2/25,35.73,35.73
10/3/25,36.48,36.49
10/6/25,37.9,37.9
10/7/25,38.26,38.29
10/8/25,38.67,38.67
10/9/25,39.14,39.14
10/10/25,40.4,40.4
10/13/25,40.95,40.94
10/14/25,43.41,43.41
10/15/25,43.23,43.23
10/16/25,47.3,47.3
10/17/25,47.75,47.75
10/20/25,43.04,43.04
10/21/25,42.77,42.75
10/22/25,47.74,47.74
10/23/25,44.87,44.87
10/24/25,38.21,38.21
10/27/25,38.4,38.4
10/28/25,42.86,42.86
10/29/25,45.74,45.74